{
    "XGBoost": {
        "n_estimators": 592,
        "max_depth": 7,
        "learning_rate": 0.16945370146161173,
        "subsample": 0.6039578296460403,
        "colsample_bytree": 0.6878438242492616,
        "colsample_bylevel": 0.6245787223857678,
        "min_child_weight": 9,
        "gamma": 0.5044220874814067,
        "reg_alpha": 3.6732978224073216,
        "reg_lambda": 1.490285050570391
    },
    "LightGBM": {
        "n_estimators": 665,
        "max_depth": 8,
        "learning_rate": 0.16705156168512642,
        "subsample": 0.876727885952253,
        "colsample_bytree": 0.9460787130620858,
        "min_child_samples": 69,
        "num_leaves": 77,
        "reg_alpha": 10.348915824602338,
        "reg_lambda": 0.5608781304742063
    },
    "CatBoost": {
        "iterations": 723,
        "depth": 8,
        "learning_rate": 0.19372820024112955,
        "l2_leaf_reg": 1.0038331743074895,
        "border_count": 196,
        "random_strength": 8.513078349988252,
        "bagging_temperature": 0.7352101393015665
    }
}