{
    "XGBoost": {
        "n_estimators": 214,
        "max_depth": 8,
        "learning_rate": 0.2810657274670111,
        "subsample": 0.6026168324121943,
        "colsample_bytree": 0.6075934324519439,
        "min_child_weight": 5,
        "gamma": 0.553617064887681,
        "reg_alpha": 8.157298373095427,
        "reg_lambda": 3.7834031171882017
    },
    "LightGBM": {
        "n_estimators": 176,
        "max_depth": 7,
        "learning_rate": 0.14920643617808255,
        "subsample": 0.9750244637464088,
        "colsample_bytree": 0.8516529430033545,
        "min_child_samples": 55,
        "num_leaves": 123,
        "reg_alpha": 4.257738884256797,
        "reg_lambda": 7.202107114363317
    },
    "CatBoost": {
        "iterations": 376,
        "depth": 7,
        "learning_rate": 0.2599957906944455,
        "l2_leaf_reg": 3.3122077050601906,
        "border_count": 157,
        "random_strength": 9.919547750113695,
        "bagging_temperature": 0.22713901165087858
    }
}